{"cameraMode":{"drawMode":0,"name":"Shaded","section":"Shading Mode"},"sceneLighting":false,"audioPlay":false,"sceneViewState":{"m_AlwaysRefresh":false,"showFog":true,"showSkybox":false,"showFlares":true,"showImageEffects":true,"showParticleSystems":true,"showVisualEffectGraphs":true,"m_FxEnabled":true},"in2DMode":false,"pivot":{"x":-0.13564395904541017,"y":5.261875629425049,"z":0.1524994969367981},"rotation":{"x":-0.013139345683157444,"y":0.9467173218727112,"z":-0.31952211260795596,"w":-0.03893277421593666},"size":6.02322244644165,"orthographic":true}