{"cameraMode":{"drawMode":0,"name":"Shaded","section":"Shading Mode"},"sceneLighting":false,"audioPlay":false,"sceneViewState":{"m_AlwaysRefresh":false,"showFog":true,"showSkybox":false,"showFlares":true,"showImageEffects":true,"showParticleSystems":true,"showVisualEffectGraphs":true,"m_FxEnabled":true},"in2DMode":false,"pivot":{"x":413.00018310546877,"y":2.799999952316284,"z":103.79000091552735},"rotation":{"x":0.017832698300480844,"y":-0.9806827306747437,"z":0.13793328404426576,"w":0.13879425823688508},"size":2.4595186710357668,"orthographic":true}