{"cameraMode":{"drawMode":0,"name":"Shaded","section":"Shading Mode"},"sceneLighting":false,"audioPlay":false,"sceneViewState":{"m_AlwaysRefresh":false,"showFog":true,"showSkybox":false,"showFlares":true,"showImageEffects":true,"showParticleSystems":true,"showVisualEffectGraphs":true,"m_FxEnabled":true},"in2DMode":false,"pivot":{"x":-0.0016668476164340973,"y":2.5316641330718996,"z":0.0061001647263765339},"rotation":{"x":0.0027719829231500627,"y":0.9955974817276001,"z":-0.08984026312828064,"w":0.029246164485812188},"size":0.04233315587043762,"orthographic":true}