{"cameraMode":{"drawMode":0,"name":"Shaded","section":"Shading Mode"},"sceneLighting":false,"audioPlay":false,"sceneViewState":{"m_AlwaysRefresh":false,"showFog":true,"showSkybox":false,"showFlares":true,"showImageEffects":true,"showParticleSystems":true,"showVisualEffectGraphs":true,"m_FxEnabled":true},"in2DMode":false,"pivot":{"x":1022.7351684570313,"y":518.8555908203125,"z":-341.37744140625},"rotation":{"x":0.0029972526244819166,"y":0.010459698736667633,"z":0.00048005577991716564,"w":-1.0001617670059205},"size":305.03857421875,"orthographic":true}