{"cameraMode":{"drawMode":0,"name":"Shaded","section":"Shading Mode"},"sceneLighting":false,"audioPlay":false,"sceneViewState":{"m_AlwaysRefresh":false,"showFog":true,"showSkybox":false,"showFlares":true,"showImageEffects":true,"showParticleSystems":true,"showVisualEffectGraphs":true,"m_FxEnabled":true},"in2DMode":false,"pivot":{"x":2.6359059810638429,"y":5.664838790893555,"z":-3.584850549697876},"rotation":{"x":-0.023851905018091203,"y":-0.09438440948724747,"z":0.0027086841873824598,"w":-0.9954671859741211},"size":2.2113373279571535,"orthographic":true}