{"cameraMode":{"drawMode":0,"name":"Shaded","section":"Shading Mode"},"sceneLighting":false,"audioPlay":false,"sceneViewState":{"m_AlwaysRefresh":false,"showFog":true,"showSkybox":false,"showFlares":true,"showImageEffects":true,"showParticleSystems":true,"showVisualEffectGraphs":true,"m_FxEnabled":true},"in2DMode":false,"pivot":{"x":7.152557373046875e-7,"y":1.34063720703125,"z":-0.03144022822380066},"rotation":{"x":0.05657391622662544,"y":-0.9339831471443176,"z":0.3083939254283905,"w":0.17172996699810029},"size":1.7050039768218995,"orthographic":true}