{"cameraMode":{"drawMode":0,"name":"Shaded","section":"Shading Mode"},"sceneLighting":false,"audioPlay":false,"sceneViewState":{"m_AlwaysRefresh":false,"showFog":true,"showSkybox":false,"showFlares":true,"showImageEffects":true,"showParticleSystems":true,"showVisualEffectGraphs":true,"m_FxEnabled":true},"in2DMode":false,"pivot":{"x":363.0012512207031,"y":0.7772092819213867,"z":102.48359680175781},"rotation":{"x":-0.06970415264368057,"y":0.9196000099182129,"z":-0.19054186344146729,"w":-0.33640921115875246},"size":0.7198696136474609,"orthographic":false}