{"cameraMode":{"drawMode":0,"name":"Shaded","section":"Shading Mode"},"sceneLighting":false,"audioPlay":false,"sceneViewState":{"m_AlwaysRefresh":false,"showFog":true,"showSkybox":false,"showFlares":true,"showImageEffects":true,"showParticleSystems":true,"showVisualEffectGraphs":true,"m_FxEnabled":true},"in2DMode":false,"pivot":{"x":9.001553535461426,"y":46.313419342041019,"z":-179.41043090820313},"rotation":{"x":-0.0315433107316494,"y":-0.9291631579399109,"z":0.36078062653541567,"w":-0.07682687789201737},"size":3.3220529556274416,"orthographic":true}