{"cameraMode":{"drawMode":0,"name":"Shaded","section":"Shading Mode"},"sceneLighting":false,"audioPlay":false,"sceneViewState":{"m_AlwaysRefresh":false,"showFog":true,"showSkybox":false,"showFlares":true,"showImageEffects":true,"showParticleSystems":true,"showVisualEffectGraphs":true,"m_FxEnabled":true},"in2DMode":false,"pivot":{"x":5.000500202178955,"y":3.8350000381469728,"z":0.8000800013542175},"rotation":{"x":-0.17230457067489625,"y":-0.26528024673461916,"z":0.048748597502708438,"w":-0.9476295709609985},"size":1.4306118488311768,"orthographic":true}