{"cameraMode":{"drawMode":0,"name":"Shaded","section":"Shading Mode"},"sceneLighting":false,"audioPlay":false,"sceneViewState":{"m_AlwaysRefresh":false,"showFog":true,"showSkybox":false,"showFlares":true,"showImageEffects":true,"showParticleSystems":true,"showVisualEffectGraphs":true,"m_FxEnabled":true},"in2DMode":false,"pivot":{"x":361.4983215332031,"y":3.0481553077697756,"z":104.90899658203125},"rotation":{"x":-0.012573637999594212,"y":0.936356246471405,"z":-0.34924325346946719,"w":-0.03372550755739212},"size":4.127427101135254,"orthographic":true}